__v,_id,name,region
0,612c930318129657973efd86,Gangaw,612c930318129657973efd83
0,612c930318129657973efd87,Kyaukhtu,612c930318129657973efd83
0,612c930318129657973efd88,Saw,612c930318129657973efd83
0,612c930318129657973efd89,Tilin,612c930318129657973efd83
0,612c930318129657973efd8a,Chauck,612c930318129657973efd83
0,612c930318129657973efd8b,Magway,612c930318129657973efd83
0,612c930318129657973efd8c,Myothit,612c930318129657973efd83
0,612c930318129657973efd8d,Natmauk,612c930318129657973efd83
0,612c930318129657973efd8e,Taungdwingyi,612c930318129657973efd83
0,612c930318129657973efd8f,Yenangyaung,612c930318129657973efd83
0,612c930318129657973efd90,Minbu,612c930318129657973efd83
0,612c930318129657973efd91,Ngape,612c930318129657973efd83
0,612c930318129657973efd92,Pwintbyu,612c930318129657973efd83
0,612c930318129657973efd93,Salin,612c930318129657973efd83
0,612c930318129657973efd94,Sidoktaya,612c930318129657973efd83
0,612c930318129657973efd95,Myaing,612c930318129657973efd83
0,612c930318129657973efd96,Pakokku,612c930318129657973efd83
0,612c930318129657973efd97,Pauk,612c930318129657973efd83
0,612c930318129657973efd98,Seikphyu,612c930318129657973efd83
0,612c930318129657973efd99,Yesagyo,612c930318129657973efd83
0,612c930318129657973efd9a,Aunglan,612c930318129657973efd83
0,612c930318129657973efd9b,Kamma,612c930318129657973efd83
0,612c930318129657973efd9c,Mindon,612c930318129657973efd83
0,612c930318129657973efd9d,Minhla,612c930318129657973efd83
0,612c930318129657973efd9e,Sinbaungwe,612c930318129657973efd83
0,612c930318129657973efd9f,Thayet,612c930318129657973efd83
0,612c930318129657973efdbc,Kyaukse,612c930318129657973efda0
0,612c930318129657973efdbd,Myittha,612c930318129657973efda0
0,612c930318129657973efdbe,Sintgaing,612c930318129657973efda0
0,612c930318129657973efdbf,Tada-U,612c930318129657973efda0
0,612c930318129657973efdc0,Amarapura,612c930318129657973efda0
0,612c930318129657973efdc1,Aungmyethazan,612c930318129657973efda0
0,612c930318129657973efdc2,Chanayethazan,612c930318129657973efda0
0,612c930318129657973efdc3,Chanmyathazi,612c930318129657973efda0
0,612c930318129657973efdc4,Mahaaungmye,612c930318129657973efda0
0,612c930318129657973efdc5,Patheingyi,612c930318129657973efda0
0,612c930318129657973efdc6,Pyigyidagun,612c930318129657973efda0
0,612c930318129657973efdc7,Mahlaing,612c930318129657973efda0
0,612c930318129657973efdc8,Meiktila,612c930318129657973efda0
0,612c930318129657973efdc9,Thazi,612c930318129657973efda0
0,612c930318129657973efdca,Wundwin,612c930318129657973efda0
0,612c930318129657973efdcb,Myingyan,612c930318129657973efda0
0,612c930318129657973efdcc,Natogyi,612c930318129657973efda0
0,612c930318129657973efdcd,Nganzun,612c930318129657973efda0
0,612c930318129657973efdce,Thaungtha,612c930318129657973efda0
0,612c930318129657973efdcf,Kyaukpadaung,612c930318129657973efda0
0,612c930318129657973efdd0,Ngathayauk,612c930318129657973efda0
0,612c930318129657973efdd1,Nyaung-U,612c930318129657973efda0
0,612c930318129657973efdd2,Madaya,612c930318129657973efda0
0,612c930318129657973efdd3,Mogok,612c930318129657973efda0
0,612c930318129657973efdd4,Pyinoolwin,612c930318129657973efda0
0,612c930318129657973efdd5,Singu,612c930318129657973efda0
0,612c930318129657973efdd6,Tagaung,612c930318129657973efda0
0,612c930318129657973efdd7,Thabeikkyin,612c930318129657973efda0
0,612c930318129657973efdd8,Pyawbwe,612c930318129657973efda0
0,612c930318129657973efdd9,Yamethin,612c930318129657973efda0
0,612c930318129657973efdfa,Dekkhinathiri,612c930318129657973efdda
0,612c930318129657973efdfb,Lewe,612c930318129657973efdda
0,612c930318129657973efdfc,Pyinmana,612c930318129657973efdda
0,612c930318129657973efdfd,Zabuthiri,612c930318129657973efdda
0,612c930318129657973efdfe,Ottarathiri,612c930318129657973efdda
0,612c930318129657973efdff,Pobbathiri,612c930318129657973efdda
0,612c930318129657973efe00,Tatkon,612c930318129657973efdda
0,612c930318129657973efe01,Zeyarthiri,612c930318129657973efdda
0,612c930318129657973efe0c,Bawlakhe,612c930318129657973efe02
0,612c930318129657973efe0d,Hpasawng,612c930318129657973efe02
0,612c930318129657973efe0e,Mese,612c930318129657973efe02
0,612c930318129657973efe0f,Ywathit,612c930318129657973efe02
0,612c930318129657973efe10,Demoso,612c930318129657973efe02
0,612c930318129657973efe11,Hpruso,612c930318129657973efe02
0,612c930318129657973efe12,Loikaw,612c930318129657973efe02
0,612c930318129657973efe13,Shadaw,612c930318129657973efe02
0,612c930318129657973efe1e,Kengtung,612c930318129657973efe14
0,612c930318129657973efe1f,Mine Pauk,612c930318129657973efe14
0,612c930318129657973efe20,Minelar,612c930318129657973efe14
0,612c930318129657973efe21,Mong Khet,612c930318129657973efe14
0,612c930318129657973efe22,Mong La,612c930318129657973efe14
0,612c930318129657973efe23,Mong Yang,612c930318129657973efe14
0,612c930318129657973efe24,Mineyu,612c930318129657973efe14
0,612c930318129657973efe25,Mong Hpayak,612c930318129657973efe14
0,612c930318129657973efe26,Mong Yawng,612c930318129657973efe14
0,612c930318129657973efe27,Minekoke,612c930318129657973efe14
0,612c930318129657973efe28,Monehta,612c930318129657973efe14
0,612c930318129657973efe29,Mong Hsat,612c930318129657973efe14
0,612c930318129657973efe2a,Mong Ping,612c930318129657973efe14
0,612c930318129657973efe2b,Mong Tong,612c930318129657973efe14
0,612c930318129657973efe2c,Ponparkyin,612c930318129657973efe14
0,612c930318129657973efe2d,Tontar,612c930318129657973efe14
0,612c930318129657973efe2e,Kyaing Lap,612c930318129657973efe14
0,612c930318129657973efe2f,Tachileik,612c930318129657973efe14
0,612c930318129657973efe30,Talay,612c930318129657973efe14
0,612c930318129657973efe31,Kunlong,612c930318129657973efe14
0,612c930318129657973efe32,Hsipaw,612c930318129657973efe14
0,612c930318129657973efe33,Kyaukme,612c930318129657973efe14
0,612c930318129657973efe34,Mantong,612c930318129657973efe14
0,612c930318129657973efe35,Minelon,612c930318129657973efe14
0,612c930318129657973efe36,Minengaw,612c930318129657973efe14
0,612c930318129657973efe37,Namhsan,612c930318129657973efe14
0,612c930318129657973efe38,Namtu,612c930318129657973efe14
0,612c930318129657973efe39,Nawnghkio,612c930318129657973efe14
0,612c930318129657973efe3a,Hsenwi,612c930318129657973efe14
0,612c930318129657973efe3b,Lashio,612c930318129657973efe14
0,612c930318129657973efe3c,Mongyai,612c930318129657973efe14
0,612c930318129657973efe3d,Tangyan,612c930318129657973efe14
0,612c930318129657973efe3e,Chinshwehaw,612c930318129657973efe14
0,612c930318129657973efe3f,Konkyan,612c930318129657973efe14
0,612c930318129657973efe40,Laukkaing,612c930318129657973efe14
0,612c930318129657973efe41,Mawhtike,612c930318129657973efe14
0,612c930318129657973efe42,Kutkai,612c930318129657973efe14
0,612c930318129657973efe43,Manhero,612c930318129657973efe14
0,612c930318129657973efe44,Monekoe,612c930318129657973efe14
0,612c930318129657973efe45,Mu Se,612c930318129657973efe14
0,612c930318129657973efe46,Namhkam,612c930318129657973efe14
0,612c930318129657973efe47,Pansai,612c930318129657973efe14
0,612c930318129657973efe48,Tamoenye,612c930318129657973efe14
0,612c930318129657973efe49,Hopang,612c930318129657973efe14
0,612c930318129657973efe4a,Mongmao,612c930318129657973efe14
0,612c930318129657973efe4b,Namtit,612c930318129657973efe14
0,612c930318129657973efe4c,Pangwaun,612c930318129657973efe14
0,612c930318129657973efe4d,Panlong,612c930318129657973efe14
0,612c930318129657973efe4e,Man Kan,612c930318129657973efe14
0,612c930318129657973efe4f,Matman,612c930318129657973efe14
0,612c930318129657973efe50,Namphan,612c930318129657973efe14
0,612c930318129657973efe51,Pangsang,612c930318129657973efe14
0,612c930318129657973efe52,Mabein,612c930318129657973efe14
0,612c930318129657973efe53,Mongmit,612c930318129657973efe14
0,612c930318129657973efe54,Homane,612c930318129657973efe14
0,612c930318129657973efe55,Kengtaung,612c930318129657973efe14
0,612c930318129657973efe56,Langkho,612c930318129657973efe14
0,612c930318129657973efe57,Mawkmai,612c930318129657973efe14
0,612c930318129657973efe58,Mong Nai,612c930318129657973efe14
0,612c930318129657973efe59,Mong Pan,612c930318129657973efe14
0,612c930318129657973efe5a,Karli,612c930318129657973efe14
0,612c930318129657973efe5b,Kholan,612c930318129657973efe14
0,612c930318129657973efe5c,Kunhing,612c930318129657973efe14
0,612c930318129657973efe5d,Kyethi,612c930318129657973efe14
0,612c930318129657973efe5e,Lai-Hka,612c930318129657973efe14
0,612c930318129657973efe5f,Loilen,612c930318129657973efe14
0,612c930318129657973efe60,Minenaung,612c930318129657973efe14
0,612c930318129657973efe61,Minesan,612c930318129657973efe14
0,612c930318129657973efe62,Mong Hsu,612c930318129657973efe14
0,612c930318129657973efe63,Mong Kung,612c930318129657973efe14
0,612c930318129657973efe64,Nansang,612c930318129657973efe14
0,612c930318129657973efe65,Panglong,612c930318129657973efe14
0,612c930318129657973efe66,Hopong,612c930318129657973efe14
0,612c930318129657973efe67,Hsi Hseng,612c930318129657973efe14
0,612c930318129657973efe68,Indaw,612c930318129657973efe14
0,612c930318129657973efe69,Kalaw,612c930318129657973efe14
0,612c930318129657973efe6a,Kyauktalongyi,612c930318129657973efe14
0,612c930318129657973efe6b,Lawksawk,612c930318129657973efe14
0,612c930318129657973efe6c,Naungtayar,612c930318129657973efe14
0,612c930318129657973efe6d,Nyaungshwe,612c930318129657973efe14
0,612c930318129657973efe6e,Pekon,612c930318129657973efe14
0,612c930318129657973efe6f,Pingdaya,612c930318129657973efe14
0,612c930318129657973efe70,Pinlaung,612c930318129657973efe14
0,612c930318129657973efe71,Taunggyi,612c930318129657973efe14
0,612c930318129657973efe72,Ywangan,612c930318129657973efe14
0,612c930318129657973efeca,Hinthada,612c930318129657973efe73
0,612c930318129657973efecb,Ingapu,612c930318129657973efe73
0,612c930318129657973efecc,Kyangin,612c930318129657973efe73
0,612c930318129657973efecd,Lemyethna,612c930318129657973efe73
0,612c930318129657973efece,Myanaung,612c930318129657973efe73
0,612c930318129657973efecf,Zalun,612c930318129657973efe73
0,612c930318129657973efed0,Labutta,612c930318129657973efe73
0,612c930318129657973efed1,Mawlamyinegyun,612c930318129657973efe73
0,612c930318129657973efed2,Pyinsalu,612c930318129657973efe73
0,612c930318129657973efed3,Danuphyu,612c930318129657973efe73
0,612c930318129657973efed4,Ma-ubin,612c930318129657973efe73
0,612c930318129657973efed5,Nyaungdon,612c930318129657973efe73
0,612c930318129657973efed6,Pantanaw,612c930318129657973efe73
0,612c930318129657973efed7,Einme,612c930318129657973efe73
0,612c930318129657973efed8,Myaungmya,612c930318129657973efe73
0,612c930318129657973efed9,Wakema,612c930318129657973efe73
0,612c930318129657973efeda,Hainggyikyun,612c930318129657973efe73
0,612c930318129657973efedb,Kangyidaunk,612c930318129657973efe73
0,612c930318129657973efedc,Kyaunggon,612c930318129657973efe73
0,612c930318129657973efedd,Kyonpyaw,612c930318129657973efe73
0,612c930318129657973efede,Ngapudaw,612c930318129657973efe73
0,612c930318129657973efedf,Ngathaingchaung,612c930318129657973efe73
0,612c930318129657973efee0,Ngayokaung,612c930318129657973efe73
0,612c930318129657973efee1,Ngwehsaung,612c930318129657973efe73
0,612c930318129657973efee2,Pathein,612c930318129657973efe73
0,612c930318129657973efee3,Shwethaungyan,612c930318129657973efe73
0,612c930318129657973efee4,Thabaung,612c930318129657973efe73
0,612c930318129657973efee5,Yekyi,612c930318129657973efe73
0,612c930318129657973efee6,Ahmar,612c930318129657973efe73
0,612c930318129657973efee7,Bogale,612c930318129657973efe73
0,612c930318129657973efee8,Dedaye,612c930318129657973efe73
0,612c930318129657973efee9,Kyaiklat,612c930318129657973efe73
0,612c930318129657973efeea,Pyapon,612c930318129657973efe73
0,612c930318129657973eff0e,Aungmyin,612c930318129657973efeeb
0,612c930318129657973eff0f,Bago,612c930318129657973efeeb
0,612c930318129657973eff10,Daik-U,612c930318129657973efeeb
0,612c930318129657973eff11,Hpayargyi,612c930318129657973efeeb
0,612c930318129657973eff12,Intagaw,612c930318129657973efeeb
0,612c930318129657973eff13,Kawa,612c930318129657973efeeb
0,612c930318129657973eff14,Kyauktaga,612c930318129657973efeeb
0,612c930318129657973eff15,Madauk,612c930318129657973efeeb
0,612c930318129657973eff16,Nyaunglebin,612c930318129657973efeeb
0,612c930318129657973eff17,Peinzalot,612c930318129657973efeeb
0,612c930318129657973eff18,Penwegon,612c930318129657973efeeb
0,612c930318129657973eff19,Pyuntaza,612c930318129657973efeeb
0,612c930318129657973eff1a,Shwegyin,612c930318129657973efeeb
0,612c930318129657973eff1b,Thanatpin,612c930318129657973efeeb
0,612c930318129657973eff1c,Waw,612c930318129657973efeeb
0,612c930318129657973eff1d,Kanyutkwin,612c930318129657973efeeb
0,612c930318129657973eff1e,Kaytumadi,612c930318129657973efeeb
0,612c930318129657973eff1f,Kyaukkyi,612c930318129657973efeeb
0,612c930318129657973eff20,Kywebwe,612c930318129657973efeeb
0,612c930318129657973eff21,Mone,612c930318129657973efeeb
0,612c930318129657973eff22,Myohla,612c930318129657973efeeb
0,612c930318129657973eff23,Natthangwin,612c930318129657973efeeb
0,612c930318129657973eff24,Nyaungbinthar,612c930318129657973efeeb
0,612c930318129657973eff25,Oktwin,612c930318129657973efeeb
0,612c930318129657973eff26,Pyu,612c930318129657973efeeb
0,612c930318129657973eff27,Swa,612c930318129657973efeeb
0,612c930318129657973eff28,Tantabin,612c930318129657973efeeb
0,612c930318129657973eff29,Taungoo,612c930318129657973efeeb
0,612c930318129657973eff2a,Thagara,612c930318129657973efeeb
0,612c930318129657973eff2b,Yaeni,612c930318129657973efeeb
0,612c930318129657973eff2c,Yedashe,612c930318129657973efeeb
0,612c930318129657973eff2d,Innma,612c930318129657973efeeb
0,612c930318129657973eff2e,Okshipin,612c930318129657973efeeb
0,612c930318129657973eff2f,Padaung,612c930318129657973efeeb
0,612c930318129657973eff30,Padigone,612c930318129657973efeeb
0,612c930318129657973eff31,Paukkaung,612c930318129657973efeeb
0,612c930318129657973eff32,Paungdale,612c930318129657973efeeb
0,612c930318129657973eff33,Paungde,612c930318129657973efeeb
0,612c930318129657973eff34,Pyay,612c930318129657973efeeb
0,612c930318129657973eff35,Shwedaung,612c930318129657973efeeb
0,612c930318129657973eff36,Sinmeswe,612c930318129657973efeeb
0,612c930318129657973eff37,Thegon,612c930318129657973efeeb
0,612c930318129657973eff38,Gyobingauk,612c930318129657973efeeb
0,612c930318129657973eff39,Letpadan,612c930318129657973efeeb
0,612c930318129657973eff3a,Minhla,612c930318129657973efeeb
0,612c930318129657973eff3b,Monyo,612c930318129657973efeeb
0,612c930318129657973eff3c,Nattalin,612c930318129657973efeeb
0,612c930318129657973eff3d,Okpho,612c930318129657973efeeb
0,612c930318129657973eff3e,Ooethegone,612c930318129657973efeeb
0,612c930318129657973eff3f,Sitkwin,612c930318129657973efeeb
0,612c930318129657973eff40,Tapun,612c930318129657973efeeb
0,612c930318129657973eff41,Tharrawaddy,612c930318129657973efeeb
0,612c930318129657973eff42,Thonze,612c930318129657973efeeb
0,612c930318129657973eff43,Zigon,612c930318129657973efeeb
0,612c930318129657973eff7c,Botataung,612c930318129657973eff44
0,612c930318129657973eff7d,Dagon Seikkan,612c930318129657973eff44
0,612c930318129657973eff7e,Dawbon,612c930318129657973eff44
0,612c930318129657973eff7f,East Dagon,612c930318129657973eff44
0,612c930318129657973eff80,Mingala Taungnyunt,612c930318129657973eff44
0,612c930318129657973eff81,North Dagon,612c930318129657973eff44
0,612c930318129657973eff82,North Okkalapa,612c930318129657973eff44
0,612c930318129657973eff83,Pazundaung,612c930318129657973eff44
0,612c930318129657973eff84,South Dagon,612c930318129657973eff44
0,612c930318129657973eff85,South Okkalapa,612c930318129657973eff44
0,612c930318129657973eff86,Tamwe,612c930318129657973eff44
0,612c930318129657973eff87,Thaketa,612c930318129657973eff44
0,612c930318129657973eff88,Thingangyun,612c930318129657973eff44
0,612c930318129657973eff89,Yankin,612c930318129657973eff44
0,612c930318129657973eff8a,Hlaingthaya,612c930318129657973eff44
0,612c930318129657973eff8b,Hlegu,612c930318129657973eff44
0,612c930318129657973eff8c,Hmawbi,612c930318129657973eff44
0,612c930318129657973eff8d,Htantabin,612c930318129657973eff44
0,612c930318129657973eff8e,Insein,612c930318129657973eff44
0,612c930318129657973eff8f,Mingaladon,612c930318129657973eff44
0,612c930318129657973eff90,Rural,612c930318129657973eff44
0,612c930318129657973eff91,Shwepyitha,612c930318129657973eff44
0,612c930318129657973eff92,Taikkyi,612c930318129657973eff44
0,612c930318129657973eff93,Cocokyun,612c930318129657973eff44
0,612c930318129657973eff94,Dala,612c930318129657973eff44
0,612c930318129657973eff95,Kawhmu,612c930318129657973eff44
0,612c930318129657973eff96,Kayan,612c930318129657973eff44
0,612c930318129657973eff97,Kungyangon,612c930318129657973eff44
0,612c930318129657973eff98,Kyauktan,612c930318129657973eff44
0,612c930318129657973eff99,Rural,612c930318129657973eff44
0,612c930318129657973eff9a,Seikkyi Kanaungto,612c930318129657973eff44
0,612c930318129657973eff9b,Tada,612c930318129657973eff44
0,612c930318129657973eff9c,Thanlyin,612c930318129657973eff44
0,612c930318129657973eff9d,Thongwa,612c930318129657973eff44
0,612c930318129657973eff9e,Twante,612c930318129657973eff44
0,612c930318129657973eff9f,Ahlon,612c930318129657973eff44
0,612c930318129657973effa0,Bahan,612c930318129657973eff44
0,612c930318129657973effa1,Dagon,612c930318129657973eff44
0,612c930318129657973effa2,Hlaing,612c930318129657973eff44
0,612c930318129657973effa3,Kamayut,612c930318129657973eff44
0,612c930318129657973effa4,Kyauktada,612c930318129657973eff44
0,612c930318129657973effa5,Kyimyindaing,612c930318129657973eff44
0,612c930318129657973effa6,Lanmadaw,612c930318129657973eff44
0,612c930318129657973effa7,Latha,612c930318129657973eff44
0,612c930318129657973effa8,Mayangon,612c930318129657973eff44
0,612c930318129657973effa9,Pabedan,612c930318129657973eff44
0,612c930318129657973effaa,Sanchaung,612c930318129657973eff44
0,612c930318129657973effab,Seikkan,612c930318129657973eff44
0,612c930318129657973effde,Bhamo,612c930318129657973effac
0,612c930318129657973effdf,Dotphoneyan,612c930318129657973effac
0,612c930318129657973effe0,Lwegel,612c930318129657973effac
0,612c930318129657973effe1,Mansi,612c930318129657973effac
0,612c930318129657973effe2,Momauk,612c930318129657973effac
0,612c930318129657973effe3,Myohla,612c930318129657973effac
0,612c930318129657973effe4,Shwegu,612c930318129657973effac
0,612c930318129657973effe5,Hopin,612c930318129657973effac
0,612c930318129657973effe6,Hpakant,612c930318129657973effac
0,612c930318129657973effe7,Kamine,612c930318129657973effac
0,612c930318129657973effe8,Mogaung,612c930318129657973effac
0,612c930318129657973effe9,Mohnyin,612c930318129657973effac
0,612c930318129657973effea,Chipwi,612c930318129657973effac
0,612c930318129657973effeb,Hsadone,612c930318129657973effac
0,612c930318129657973effec,Hsawlaw,612c930318129657973effac
0,612c930318129657973effed,Hsinbo,612c930318129657973effac
0,612c930318129657973effee,Injangyang,612c930318129657973effac
0,612c930318129657973effef,Kanpaikti,612c930318129657973effac
0,612c930318129657973efff0,Myitkyina,612c930318129657973effac
0,612c930318129657973efff1,Panwa,612c930318129657973effac
0,612c930318129657973efff2,Shinbwayyan,612c930318129657973effac
0,612c930318129657973efff3,Tanai,612c930318129657973effac
0,612c930318129657973efff4,Waingmaw,612c930318129657973effac
0,612c930318129657973efff5,Kawnglanghpu,612c930318129657973effac
0,612c930318129657973efff6,Machanbaw,612c930318129657973effac
0,612c930318129657973efff7,Nogmung,612c930318129657973effac
0,612c930318129657973efff8,Pannandin,612c930318129657973effac
0,612c930318129657973efff9,Putao,612c930318129657973effac
0,612c930318129657973efffa,Sumprabum,612c930318129657973effac
0,612c930318129657973f001a,Donhee,612c930318129657973efffb
0,612c930318129657973f001b,Hkamti,612c930318129657973efffb
0,612c930318129657973f001c,Homalin,612c930318129657973efffb
0,612c930318129657973f001d,Htanparkway,612c930318129657973efffb
0,612c930318129657973f001e,Lahe,612c930318129657973efffb
0,612c930318129657973f001f,Leshi,612c930318129657973efffb
0,612c930318129657973f0020,Mobaingluk,612c930318129657973efffb
0,612c930318129657973f0021,Nanyun,612c930318129657973efffb
0,612c930318129657973f0022,Pansaung,612c930318129657973efffb
0,612c930318129657973f0023,Sonemara,612c930318129657973efffb
0,612c930318129657973f0024,Kanbalu,612c930318129657973efffb
0,612c930318129657973f0025,Kyunhla,612c930318129657973efffb
0,612c930318129657973f0026,Taze,612c930318129657973efffb
0,612c930318129657973f0027,Ye-U,612c930318129657973efffb
0,612c930318129657973f0028,Kale,612c930318129657973efffb
0,612c930318129657973f0029,Kalewa,612c930318129657973efffb
0,612c930318129657973f002a,Mingin,612c930318129657973efffb
0,612c930318129657973f002b,Banmauk,612c930318129657973efffb
0,612c930318129657973f002c,Indaw,612c930318129657973efffb
0,612c930318129657973f002d,Katha,612c930318129657973efffb
0,612c930318129657973f002e,Kawlin,612c930318129657973efffb
0,612c930318129657973f002f,Pinlebu,612c930318129657973efffb
0,612c930318129657973f0030,Tigyaing,612c930318129657973efffb
0,612c930318129657973f0031,Wuntho,612c930318129657973efffb
0,612c930318129657973f0032,Mawlaik,612c930318129657973efffb
0,612c930318129657973f0033,Paungbyin,612c930318129657973efffb
0,612c930318129657973f0034,Ayadaw,612c930318129657973efffb
0,612c930318129657973f0035,Budalin,612c930318129657973efffb
0,612c930318129657973f0036,Chaung-U,612c930318129657973efffb
0,612c930318129657973f0037,Monywa,612c930318129657973efffb
0,612c930318129657973f0038,Myaung,612c930318129657973efffb
0,612c930318129657973f0039,Myinmu,612c930318129657973efffb
0,612c930318129657973f003a,Sagaing,612c930318129657973efffb
0,612c930318129657973f003b,Khin-U,612c930318129657973efffb
0,612c930318129657973f003c,Kyaukmyaung,612c930318129657973efffb
0,612c930318129657973f003d,Shwebo,612c930318129657973efffb
0,612c930318129657973f003e,Tabayin,612c930318129657973efffb
0,612c930318129657973f003f,Wetlet,612c930318129657973efffb
0,612c930318129657973f0040,Khampat,612c930318129657973efffb
0,612c930318129657973f0041,Myothit,612c930318129657973efffb
0,612c930318129657973f0042,Tamu,612c930318129657973efffb
0,612c930318129657973f0043,Kani,612c930318129657973efffb
0,612c930318129657973f0044,Pale,612c930318129657973efffb
0,612c930318129657973f0045,Salingyi,612c930318129657973efffb
0,612c930318129657973f0046,Yinmabin,612c930318129657973efffb
0,612c930318129657973f0076,Bawgali,612c930318129657973f0047
0,612c930318129657973f0077,Hlaignbwe,612c930318129657973f0047
0,612c930318129657973f0078,Hpa-an,612c930318129657973f0047
0,612c930318129657973f0079,Leiktho,612c930318129657973f0047
0,612c930318129657973f007a,Paingkyon,612c930318129657973f0047
0,612c930318129657973f007b,Shan Ywathit,612c930318129657973f0047
0,612c930318129657973f007c,Thandaunggyi,612c930318129657973f0047
0,612c930318129657973f007d,Hpapun,612c930318129657973f0047
0,612c930318129657973f007e,Kamamaung,612c930318129657973f0047
0,612c930318129657973f007f,Kawkareik,612c930318129657973f0047
0,612c930318129657973f0080,Kyaidon,612c930318129657973f0047
0,612c930318129657973f0081,Kyain Seikgyi,612c930318129657973f0047
0,612c930318129657973f0082,Payarthonezu,612c930318129657973f0047
0,612c930318129657973f0083,Myawaddy,612c930318129657973f0047
0,612c930318129657973f0084,Sugali,612c930318129657973f0047
0,612c930318129657973f0085,Wawlaymyaing,612c930318129657973f0047
0,612c930318129657973f0098,Chaungzon,612c930318129657973f0086
0,612c930318129657973f0099,Khawzar,612c930318129657973f0086
0,612c930318129657973f009a,Kyaikkhami,612c930318129657973f0086
0,612c930318129657973f009b,Kyaikmaraw,612c930318129657973f0086
0,612c930318129657973f009c,Lamine,612c930318129657973f0086
0,612c930318129657973f009d,Mawlamyine,612c930318129657973f0086
0,612c930318129657973f009e,Mudon,612c930318129657973f0086
0,612c930318129657973f009f,Thanbyuzayat,612c930318129657973f0086
0,612c930318129657973f00a0,Ye,612c930318129657973f0086
0,612c930318129657973f00a1,Bilin,612c930318129657973f0086
0,612c930318129657973f00a2,Kyaikto,612c930318129657973f0086
0,612c930318129657973f00a3,Mottama,612c930318129657973f0086
0,612c930318129657973f00a4,Paung,612c930318129657973f0086
0,612c930318129657973f00a5,Suvannawadi,612c930318129657973f0086
0,612c930318129657973f00a6,Thaton,612c930318129657973f0086
0,612c930318129657973f00a7,Zingyeik,612c930318129657973f0086
0,612c930318129657973f00ba,Dawei,612c930318129657973f00a8
0,612c930318129657973f00bb,Kaleinaung,612c930318129657973f00a8
0,612c930318129657973f00bc,Launglon,612c930318129657973f00a8
0,612c930318129657973f00bd,Myitta,612c930318129657973f00a8
0,612c930318129657973f00be,Thayetchaung,612c930318129657973f00a8
0,612c930318129657973f00bf,Yebyu,612c930318129657973f00a8
0,612c930318129657973f00c0,Bokpyin,612c930318129657973f00a8
0,612c930318129657973f00c1,Karathuri,612c930318129657973f00a8
0,612c930318129657973f00c2,Kawthoung,612c930318129657973f00a8
0,612c930318129657973f00c3,Khamaukgyi,612c930318129657973f00a8
0,612c930318129657973f00c4,Pyigyimandaing,612c930318129657973f00a8
0,612c930318129657973f00c5,Kyunsu,612c930318129657973f00a8
0,612c930318129657973f00c6,Myeik,612c930318129657973f00a8
0,612c930318129657973f00c7,Palauk,612c930318129657973f00a8
0,612c930318129657973f00c8,Palaw,612c930318129657973f00a8
0,612c930318129657973f00c9,Tanintharyi,612c930318129657973f00a8
0,612c930318129657973f00dc,Cikha,612c930318129657973f00ca
0,612c930318129657973f00dd,Falam,612c930318129657973f00ca
0,612c930318129657973f00de,Rikhuadal,612c930318129657973f00ca
0,612c930318129657973f00df,Tiddim,612c930318129657973f00ca
0,612c930318129657973f00e0,Ton Zang,612c930318129657973f00ca
0,612c930318129657973f00e1,Hakha,612c930318129657973f00ca
0,612c930318129657973f00e2,Htantlang,612c930318129657973f00ca
0,612c930318129657973f00e3,Kanpetlet,612c930318129657973f00ca
0,612c930318129657973f00e4,Matupi,612c930318129657973f00ca
0,612c930318129657973f00e5,Mindat,612c930318129657973f00ca
0,612c930318129657973f00e6,Paletwa,612c930318129657973f00ca
0,612c930318129657973f00e7,Reazu,612c930318129657973f00ca
0,612c930318129657973f00e8,Sami,612c930318129657973f00ca
0,612c930318129657973f00f8,Ann,612c930318129657973f00e9
0,612c930318129657973f00f9,Kyaukpyu,612c930318129657973f00e9
0,612c930318129657973f00fa,Manaung,612c930318129657973f00e9
0,612c930318129657973f00fb,Ramree,612c930318129657973f00e9
0,612c930318129657973f00fc,Buthidaung,612c930318129657973f00e9
0,612c930318129657973f00fd,Maungdaw,612c930318129657973f00e9
0,612c930318129657973f00fe,Taungpyoletwe,612c930318129657973f00e9
0,612c930318129657973f00ff,Pauktaw,612c930318129657973f00e9
0,612c930318129657973f0100,Ponnagyun,612c930318129657973f00e9
0,612c930318129657973f0101,Rathedaung,612c930318129657973f00e9
0,612c930318129657973f0102,Sittwe,612c930318129657973f00e9
0,612c930318129657973f0103,Gaw,612c930318129657973f00e9
0,612c930318129657973f0104,Kyeintali,612c930318129657973f00e9
0,612c930318129657973f0105,Maei,612c930318129657973f00e9
0,612c930318129657973f0106,Thandwe,612c930318129657973f00e9
0,612c930318129657973f0107,Toungup,612c930318129657973f00e9
0,612c930318129657973f0108,Kyauktaw,612c930318129657973f00e9
0,612c930318129657973f0109,Minbya,612c930318129657973f00e9
0,612c930318129657973f010a,Mrauk-U,612c930318129657973f00e9
0,612c930318129657973f010b,Myebon,612c930318129657973f00e9